State,Year,Total_Pub_Under,4y_Pub_Under,2y_Pub_Under,Total_Pub_Postbacc,Total_Priv_Under,Np_4y_Priv_Under,Fp_4y_Priv_Under,Np_2y_Priv_Under,Fp_2y_Priv_Under,Total_Priv_Postbacc,Np_4y_Priv_Postbacc,Fp_4y_Priv_Postbacc,Total_Enrollment
Alabama,2012-13,216535,130260,86275,34510,49382,21674,24045,518,3145,9884,3917,5967,265917
Alabama,2013-14,213669,129045,84624,34615,47519,20808,23295,472,2944,9909,3866,6043,261188
Alabama,2014-15,212458,129916,82542,34531,47172,21160,22714,518,2780,10867,4354,6513,259630
Alabama,2015-16,212968,131503,81465,34483,44682,20938,21000,436,2308,10826,4593,6233,257650
Alabama,2016-17,216115,135080,81035,34923,41893,19891,19627,386,1989,11121,4679,6442,258008
Alabama,2017-18,217755,137019,80736,36316,41807,21369,18677,0,1761,10944,4780,6164,259562
Alabama,2018-19,217610,137380,80230,37477,37784,21155,16523,0,106,11311,5106,6205,255394
Alabama,2019-20,216326,136404,79922,38477,36888,20225,16126,0,537,11339,5322,6017,253214
Alabama,2020-21,204632,133781,70851,41865,34753,19125,15077,0,551,10931,5388,5543,239385
Alaska,2012-13,28034,27276,758,2561,1984,497,1259,0,228,218,218,0,30018
Alaska,2013-14,29089,27014,2075,2511,3008,429,2191,53,335,282,282,0,32097
Alaska,2014-15,27588,26456,1132,2304,4175,372,3256,68,479,264,253,11,31763
Alaska,2015-16,26118,25925,193,2275,2694,315,1935,66,378,244,234,10,28812
Alaska,2016-17,25146,24958,188,2206,851,348,0,79,424,243,243,0,25997
Alaska,2017-18,23765,23765,0,2085,842,338,0,74,430,213,213,0,24607
Alaska,2018-19,22659,22659,0,1990,842,346,0,81,415,201,201,0,23501
Alaska,2019-20,20428,20428,0,1900,833,377,0,95,361,192,192,0,21261
Alaska,2020-21,19210,19210,0,1858,857,352,0,93,412,181,181,0,20067
American Samoa,2012-13,1795,1795,0,0,0,0,0,0,0,0,0,0,1795
American Samoa,2013-14,1488,1488,0,0,0,0,0,0,0,0,0,0,1488
American Samoa,2014-15,1276,1276,0,0,0,0,0,0,0,0,0,0,1276
American Samoa,2015-16,1285,1285,0,0,0,0,0,0,0,0,0,0,1285
American Samoa,2016-17,1253,1253,0,0,0,0,0,0,0,0,0,0,1253
American Samoa,2017-18,1095,1095,0,0,0,0,0,0,0,0,0,0,1095
American Samoa,2018-19,1037,1037,0,0,0,0,0,0,0,0,0,0,1037
American Samoa,2019-20,1035,1035,0,0,0,0,0,0,0,0,0,0,1035
American Samoa,2020-21,1081,1081,0,0,0,0,0,0,0,0,0,0,1081
Arizona,2012-13,332352,114685,217667,26877,289258,3503,274906,0,10849,87892,5598,82294,621610
Arizona,2013-14,326431,117378,209053,28031,254171,4193,239961,0,10017,85490,5389,80101,580602
Arizona,2014-15,325609,125301,200308,29388,236840,4569,222900,0,9371,82909,5285,77624,562449
Arizona,2015-16,330531,134476,196055,30445,210846,5012,197019,0,8815,77910,4594,73316,541377
Arizona,2016-17,329282,141410,187872,32118,181083,4928,166124,0,10031,65601,4872,60729,510365
Arizona,2017-18,333136,146611,186525,33651,160274,4775,144976,0,10523,64565,5160,59405,493410
Arizona,2018-19,331864,153026,178838,35334,151152,5496,136052,0,9604,63632,5427,58205,483016
Arizona,2019-20,340111,159598,180513,37537,165055,5909,148920,36,10190,66441,5835,60606,505166
Arizona,2020-21,318994,165912,153082,39807,172238,5649,155297,0,11292,69064,6085,62979,491232
Arkansas,2012-13,141323,81479,59844,15901,16181,13973,1704,319,185,3053,2860,193,157504
Arkansas,2013-14,137645,81660,55985,16045,15995,14021,1331,559,84,2539,2339,200,153640
Arkansas,2014-15,135303,81890,53413,16096,15829,14136,976,656,61,2343,2203,140,151132
Arkansas,2015-16,132725,82087,50638,17440,15905,14309,559,1017,20,2332,2228,104,148630
Arkansas,2016-17,130299,81842,48457,19084,15661,14085,279,1178,119,2276,2183,93,145960
Arkansas,2017-18,127926,81277,46649,18771,15129,13535,245,1296,53,2256,2178,78,143055
Arkansas,2018-19,124058,80394,43664,18324,15178,13504,292,1326,56,2178,2102,76,139236
Arkansas,2019-20,123897,78838,45059,18053,14351,12981,404,914,52,2286,2194,92,138248
Arkansas,2020-21,114754,75019,39735,18208,13932,12548,407,939,38,2400,2326,74,128686
California,2012-13,2023402,564081,1459321,105750,336257,161047,105455,1665,68090,156051,134542,21509,2359659
California,2013-14,2043487,580436,1463051,104660,328435,168155,95150,1593,63537,160339,138078,22261,2371922
California,2014-15,2060715,599702,1461013,106729,365925,169008,136260,1864,58793,163046,136599,26447,2426640
California,2015-16,2095116,617777,1477339,107978,321357,166925,114442,1785,38205,163904,135703,28201,2416473
California,2016-17,2120578,838948,1281630,108354,295702,164797,98805,1602,30498,175472,137762,37710,2416280
California,2017-18,2127753,894077,1233676,119091,287584,166122,93836,1497,26129,179623,141637,37986,2415337
California,2018-19,2131013,897291,1233722,119206,279221,167358,87204,1260,23399,182980,142955,40025,2410234
California,2019-20,2127557,900505,1227052,119671,282437,169010,86815,1547,25065,185420,154933,30487,2409994
California,2020-21,2000882,873641,1127241,122676,268935,161810,76012,623,30490,187498,157875,29623,2269817
Colorado,2012-13,238951,141157,97794,33493,66283,19606,36360,245,10072,24208,13668,10540,305234
Colorado,2013-14,236661,143116,93545,34562,63791,21833,32305,7,9646,23709,13272,10437,300452
Colorado,2014-15,232636,143484,89152,35405,61945,21585,30972,0,9388,23841,12787,11054,294581
Colorado,2015-16,229875,144810,85065,35953,59601,22012,29685,624,7280,22669,12765,9904,289476
Colorado,2016-17,235434,162875,72559,37233,57830,21271,29349,265,6945,21799,12733,9066,293264
Colorado,2017-18,240451,173553,66898,38458,59354,21083,30535,351,7385,21973,12647,9326,299805
Colorado,2018-19,240200,199657,40543,39295,59442,20933,29992,130,8387,21600,12817,8783,299642
Colorado,2019-20,243282,221800,21482,40273,61867,20065,32175,72,9555,22701,13290,9411,305149
Colorado,2020-21,229203,209758,19445,40703,67890,18885,35329,0,13676,24471,14129,10342,297093
Connecticut,2012-13,111481,53253,58228,13471,55331,47176,7883,0,272,21375,20589,786,166812
Connecticut,2013-14,109851,52874,56977,13242,56330,47885,8383,0,62,21543,20832,711,166181
Connecticut,2014-15,108641,53487,55154,13662,57184,48679,8505,0,0,22441,21717,724,165825
Connecticut,2015-16,106337,53576,52761,13429,56722,49154,7568,0,0,23178,22561,617,163059
Connecticut,2016-17,103564,53016,50548,13781,57088,49388,7700,0,0,23578,22956,622,160652
Connecticut,2017-18,102297,52917,49380,13793,58271,49883,8388,0,0,23173,22477,696,160568
Connecticut,2018-19,101145,53236,47909,13384,59394,50262,9132,0,0,23557,22761,796,160539
Connecticut,2019-20,97384,52236,45148,13281,59211,49482,9729,0,0,23810,22897,913,156595
Connecticut,2020-21,89871,51057,38814,13119,60090,47114,12976,0,0,23637,22641,996,149961
Delaware,2012-13,37012,22079,14933,4101,10804,10297,296,211,0,6211,6120,91,47816
Delaware,2013-14,36869,22379,14490,4123,11357,10875,286,196,0,7266,7174,92,48226
Delaware,2014-15,36898,22963,13935,4114,11492,11070,237,185,0,7864,7766,98,48390
Delaware,2015-16,36514,23043,13471,4097,11467,11067,247,153,0,8314,8235,79,47981
Delaware,2016-17,37687,37687,0,4129,11360,10944,246,170,0,7963,7908,55,49047
Delaware,2017-18,37995,37995,0,4326,11073,10663,267,143,0,6944,6891,53,49068
Delaware,2018-19,38059,38059,0,4542,11420,11010,292,118,0,6679,6620,59,49479
Delaware,2019-20,37653,37653,0,4583,11555,11068,352,135,0,6192,6140,52,49208
Delaware,2020-21,36414,36414,0,4893,11374,10910,357,107,0,5997,5960,37,47788
District of Columbia,2012-13,4857,4857,0,619,42842,39085,3757,0,0,41832,39915,1917,47699
District of Columbia,2013-14,4712,4712,0,635,42475,39273,3022,0,180,41435,39635,1800,47187
District of Columbia,2014-15,4491,4491,0,624,43665,39370,4058,22,215,41273,39110,2163,48156
District of Columbia,2015-16,4485,4485,0,633,46069,39594,5606,29,840,42808,39678,3130,50554
District of Columbia,2016-17,3950,3950,0,637,44998,38681,5838,0,479,43455,40257,3198,48948
District of Columbia,2017-18,3859,3859,0,670,46706,39917,6402,0,387,44764,41182,3582,50565
District of Columbia,2018-19,3867,3867,0,633,48230,40395,7487,0,348,45046,40996,4050,52097
District of Columbia,2019-20,3828,3828,0,624,49494,40760,8363,0,371,44963,40811,4152,53322
District of Columbia,2020-21,3385,3385,0,561,48887,40448,7822,0,617,44648,41036,3612,52272
"Federated States of
   Micronesia",2012-13,2744,0,2744,0,0,0,0,0,0,0,0,0,2744
"Federated States of
   Micronesia",2013-14,2446,0,2446,0,0,0,0,0,0,0,0,0,2446
"Federated States of
   Micronesia",2014-15,2344,0,2344,0,0,0,0,0,0,0,0,0,2344
"Federated States of
   Micronesia",2015-16,2215,0,2215,0,0,0,0,0,0,0,0,0,2215
"Federated States of
   Micronesia",2016-17,2090,0,2090,0,0,0,0,0,0,0,0,0,2090
"Federated States of
   Micronesia",2017-18,2022,0,2022,0,0,0,0,0,0,0,0,0,2022
"Federated States of
   Micronesia",2018-19,1931,0,1931,0,0,0,0,0,0,0,0,0,1931
"Federated States of
   Micronesia",2019-20,1903,0,1903,0,0,0,0,0,0,0,0,0,1903
"Federated States of
  Micronesia",2020-21,1861,1861,0,0,0,0,0,0,0,0,0,0,1861
Florida,2012-13,738862,666812,72050,65831,284951,124905,114259,1630,44157,65285,53397,11888,1023813
Florida,2013-14,730678,678055,52623,65182,267280,125440,106140,1789,33911,62670,53385,9285,997958
Florida,2014-15,730317,687648,42669,65311,254038,127491,91217,1572,33758,61352,52868,8484,984355
Florida,2015-16,727982,686642,41340,66408,228427,138671,54100,15285,20371,60445,53261,7184,956409
Florida,2016-17,728374,698976,29398,68674,219432,134631,48248,18185,18368,59016,52507,6509,947806
Florida,2017-18,728069,700443,27626,69976,216254,131494,45038,20146,19576,57185,51619,5566,944323
Florida,2018-19,730278,707095,23183,70173,213533,130141,46487,20444,16461,54079,49744,4335,943811
Florida,2019-20,726217,703813,22404,71735,215087,130662,48624,19866,15935,53744,49567,4177,941304
Florida,2020-21,686879,667347,19532,76297,208988,130020,48534,9372,21062,55167,50788,4379,895867
Georgia,2012-13,382476,234809,147667,39713,94337,51705,33780,504,8348,28832,21024,7808,476813
Georgia,2013-14,373957,233685,140272,39749,90822,51860,29978,490,8494,28896,21044,7852,464779
Georgia,2014-15,372283,247004,125279,41469,87883,51820,27329,465,8269,29369,20977,8392,460166
Georgia,2015-16,374330,252947,121383,44123,82458,51376,22750,1441,6891,30388,21289,9099,456788
Georgia,2016-17,376377,264674,111703,45782,80750,52698,19073,1981,6998,29998,21418,8580,457127
Georgia,2017-18,379683,265552,114131,48903,80177,55431,16384,1763,6599,29361,21661,7700,459860
Georgia,2018-19,383200,265868,117332,52544,80023,57441,15311,1931,5340,27676,21729,5947,463223
Georgia,2019-20,387725,265796,121929,57068,82152,58903,15910,2103,5236,26810,21663,5147,469877
Georgia,2020-21,380577,268641,111936,62569,78542,56579,14513,2177,5273,25701,21562,4139,459119
Guam,2012-13,5556,3411,2145,291,75,75,0,0,0,2,2,0,5631
Guam,2013-14,6135,3532,2603,304,75,75,0,0,0,4,4,0,6210
Guam,2014-15,6118,3660,2458,298,69,69,0,0,0,3,3,0,6187
Guam,2015-16,6030,3696,2334,295,65,65,0,0,0,5,5,0,6095
Guam,2016-17,5704,3562,2142,313,64,64,0,0,0,3,3,0,5768
Guam,2017-18,5636,3581,2055,336,53,53,0,0,0,2,2,0,5689
Guam,2018-19,5503,3421,2082,323,59,59,0,0,0,3,3,0,5562
Guam,2019-20,5015,3215,1800,348,54,54,0,0,0,2,2,0,5069
Guam,2020-21,4834,4834,0,331,273,273,0,0,0,0,0,0,5107
Hawaii,2012-13,53935,24602,29333,6360,15337,12131,1495,0,1711,2824,2161,663,69272
Hawaii,2013-14,52848,24393,28455,6093,14835,11124,1607,0,2104,2658,1963,695,67683
Hawaii,2014-15,51109,23958,27151,5943,13958,10215,1839,0,1904,2495,1754,741,65067
Hawaii,2015-16,50011,23234,26777,5745,11355,9088,1757,0,510,2220,1498,722,61366
Hawaii,2016-17,47903,22488,25415,5515,10440,8497,1426,0,517,2000,1317,683,58343
Hawaii,2017-18,46375,22236,24139,5299,10593,8921,1050,0,622,1858,1238,620,56968
Hawaii,2018-19,45731,22004,23727,5332,9628,8624,313,0,691,1164,1071,93,55359
Hawaii,2019-20,44564,21490,23074,5413,9293,8479,188,0,626,1164,1099,65,53857
Hawaii,2020-21,44278,21978,22300,5316,8994,8737,107,0,150,1105,1041,64,53272
Idaho,2012-13,71476,45836,25640,7305,28425,25977,1940,0,508,802,772,30,99901
Idaho,2013-14,68563,44288,24275,7347,32599,30978,1069,0,552,809,785,24,101162
Idaho,2014-15,69581,44437,25144,7225,41381,39913,974,0,494,766,749,17,110962
Idaho,2015-16,65222,43052,22170,7117,48022,46908,694,0,420,747,743,4,113244
Idaho,2016-17,66855,44662,22193,7812,48404,47767,197,0,440,725,725,0,115259
Idaho,2017-18,68292,44932,23360,7500,55305,54797,79,0,429,706,706,0,123597
Idaho,2018-19,69427,45686,23741,7706,45618,45190,0,0,428,736,736,0,115045
Idaho,2019-20,70920,53677,17243,7904,42438,41984,0,0,454,702,702,0,113358
Idaho,2020-21,66621,49881,16740,7922,47720,47148,38,0,534,734,734,0,114341
Illinois,2012-13,507197,148467,358730,49940,206514,137447,60339,718,8010,103459,89662,13797,713711
Illinois,2013-14,496801,145231,351570,49682,197298,136856,53879,743,5820,99107,86528,12579,694099
Illinois,2014-15,480483,144381,336102,48979,195768,136222,53353,735,5458,99750,85694,14056,676251
Illinois,2015-16,459770,143615,316155,49334,190820,134754,49923,389,5754,102319,86199,16120,650590
Illinois,2016-17,443681,139508,304173,48897,182387,131672,45300,368,5047,102755,86243,16512,626068
Illinois,2017-18,429557,136146,293411,48485,175416,128895,42046,421,4054,103544,85935,17609,604973
Illinois,2018-19,416652,133237,283415,48577,169947,127625,38998,411,2913,103272,85416,17856,586599
Illinois,2019-20,402219,130883,271336,50245,162996,127429,31849,364,3354,103044,85734,17310,565215
Illinois,2020-21,363290,129513,233777,53074,161848,122747,35180,355,3566,103776,85260,18516,525138
Indiana,2012-13,295297,195025,100272,38472,97328,72773,18411,439,5705,16165,15703,462,392625
Indiana,2013-14,297602,198824,98778,38321,92203,72511,14837,424,4431,16238,15854,384,389805
Indiana,2014-15,289939,198760,91179,38503,90936,73466,12876,400,4194,16949,16658,291,380875
Indiana,2015-16,282266,200598,81668,39234,86933,72458,10052,504,3919,17930,17790,140,369199
Indiana,2016-17,279127,200217,78910,40454,81368,72770,5458,582,2558,18254,18152,102,360495
Indiana,2017-18,260504,185018,75486,41058,79162,71501,4259,548,2854,18080,17936,144,339666
Indiana,2018-19,254093,182087,72006,42136,74266,70602,597,415,2652,17853,17782,71,328359
Indiana,2019-20,281340,208651,72689,51310,72191,68861,338,386,2606,18065,17993,72,353531
Indiana,2020-21,270074,206265,63809,52986,69356,66312,365,344,2335,18533,18457,76,339430
Iowa,2012-13,158615,58207,100408,14943,156803,44565,111751,203,284,30822,11439,19383,315418
Iowa,2013-14,153795,60013,93782,14849,139882,44563,94716,0,603,31212,11720,19492,293677
Iowa,2014-15,154952,61389,93563,14944,88439,43737,44139,0,563,24147,12377,11770,243391
Iowa,2015-16,156026,63560,92466,14979,80986,41564,38989,0,433,23115,12515,10600,237012
Iowa,2016-17,156060,65251,90809,15015,73392,40477,32655,0,260,22046,12998,9048,229452
Iowa,2017-18,155277,65035,90242,15150,69064,39786,29171,0,107,21463,13084,8379,224341
Iowa,2018-19,176979,87557,89422,22252,41090,38244,2770,0,76,13737,13223,514,218069
Iowa,2019-20,149552,60729,88823,14360,40268,37528,2686,0,54,13853,13334,519,189820
Iowa,2020-21,141148,57436,83712,14211,39045,36340,2643,0,62,13816,13314,502,180193
Kansas,2012-13,162950,79719,83231,21026,24918,18706,2383,2280,1549,4892,4885,7,187868
Kansas,2013-14,163070,79519,83551,21005,26710,21179,3291,445,1795,5070,5069,1,189780
Kansas,2014-15,161526,80193,81333,21696,36343,20492,13672,428,1751,6836,5137,1699,197869
Kansas,2015-16,158138,78985,79153,21622,33770,20373,11956,0,1441,6692,4876,1816,191908
Kansas,2016-17,158127,78570,79557,22043,28504,18830,8391,0,1283,5627,4228,1399,186631
Kansas,2017-18,157833,78708,79125,22023,28357,18648,8667,0,1042,5749,4262,1487,186190
Kansas,2018-19,157337,78674,78663,22263,27277,18804,7663,0,810,5860,4508,1352,184614
Kansas,2019-20,154578,77475,77103,22642,25669,18245,6507,0,917,5649,4462,1187,180247
Kansas,2020-21,140706,73356,67350,23111,23841,16571,6006,0,1264,5461,4312,1149,164547
Kentucky,2012-13,200102,102520,97582,23990,45840,29709,12818,0,3313,12193,10514,1679,245942
Kentucky,2013-14,195144,103207,91937,23328,42593,29321,10634,0,2638,12008,10509,1499,237737
Kentucky,2014-15,190092,103533,86559,22951,38975,28221,8671,0,2083,12179,10804,1375,229067
Kentucky,2015-16,182947,103122,79825,22961,36923,27773,8034,0,1116,12891,11710,1181,219870
Kentucky,2016-17,182322,102912,79410,23109,34556,27290,6635,0,631,15085,14042,1043,216878
Kentucky,2017-18,179632,102076,77556,22634,36194,28815,6377,0,1002,20038,19143,895,215826
Kentucky,2018-19,176907,99233,77674,22841,36008,29190,5835,0,983,27205,26314,891,212915
Kentucky,2019-20,175993,97647,78346,23621,36848,29792,5831,0,1225,30045,29333,712,212841
Kentucky,2020-21,165857,95646,70211,25787,38348,30581,6497,0,1270,31421,30743,678,204205
Louisiana,2012-13,197648,119606,78042,23323,29621,19897,3238,1054,5432,8233,7930,303,227269
Louisiana,2013-14,193160,117224,75936,22493,27960,19122,2947,944,4947,8274,7999,275,221120
Louisiana,2014-15,188271,116728,71543,22672,27018,18677,2381,636,5324,7977,7739,238,215289
Louisiana,2015-16,188258,119191,69067,23076,25691,18337,1924,492,4938,7635,7516,119,213949
Louisiana,2016-17,186093,120077,66016,22161,23437,17771,802,368,4496,7596,7546,50,209530
Louisiana,2017-18,186785,120524,66261,23906,24043,18624,56,481,4882,7331,7331,0,210828
Louisiana,2018-19,184973,119985,64988,25723,23027,19148,75,492,3312,7678,7678,0,208000
Louisiana,2019-20,185195,119313,65882,27765,22947,19142,208,506,3091,7843,7843,0,208142
Louisiana,2020-21,181276,122056,59220,29926,23801,19699,300,573,3229,8504,8504,0,205077
Maine,2012-13,46007,27739,18268,4263,17077,15383,952,285,457,5463,5453,10,63084
Maine,2013-14,45528,27309,18219,4074,16534,14774,988,308,464,4713,4684,29,62062
Maine,2014-15,44889,26710,18179,3963,17611,15392,1502,288,429,5783,5712,71,62500
Maine,2015-16,43908,26526,17382,3496,18340,16300,1436,273,331,5971,5851,120,62248
Maine,2016-17,43952,26699,17253,3811,18504,16801,1182,220,301,5849,5716,133,62456
Maine,2017-18,43066,26107,16959,3933,18853,17419,944,242,248,5959,5807,152,61919
Maine,2018-19,44050,27438,16612,4282,18011,17743,0,61,207,5430,5430,0,62061
Maine,2019-20,44152,26825,17327,4155,18144,17700,390,54,0,5207,5207,0,62296
Maine,2020-21,42038,26091,15947,4530,18182,17641,493,48,0,5088,5088,0,60220
Marshall Islands,2012-13,1123,0,1123,0,0,0,0,0,0,0,0,0,1123
Marshall Islands,2013-14,1000,0,1000,0,0,0,0,0,0,0,0,0,1000
Marshall Islands,2014-15,1087,0,1087,0,0,0,0,0,0,0,0,0,1087
Marshall Islands,2015-16,995,0,995,0,0,0,0,0,0,0,0,0,995
Marshall Islands,2016-17,1008,0,1008,0,0,0,0,0,0,0,0,0,1008
Marshall Islands,2017-18,1032,0,1032,0,0,0,0,0,0,0,0,0,1032
Marshall Islands,2018-19,1119,1119,0,0,0,0,0,0,0,0,0,0,1119
Marshall Islands,2019-20,985,985,0,0,0,0,0,0,0,0,0,0,985
Marshall Islands,2020-21,1162,1162,0,0,0,0,0,0,0,0,0,0,1162
Maryland,2012-13,265180,120166,145014,45323,37305,29564,5057,0,2684,26688,25353,1335,302485
Maryland,2013-14,258014,119171,138843,43551,36367,29304,4378,0,2685,25839,24624,1215,294381
Maryland,2014-15,262022,128285,133737,43134,34661,28098,4129,0,2434,25780,24724,1056,296683
Maryland,2015-16,260457,130862,129595,43097,33281,26873,3899,0,2509,27096,26191,905,293738
Maryland,2016-17,262794,138358,124436,42956,31264,26063,3162,0,2039,28653,27818,835,294058
Maryland,2017-18,260371,141252,119119,43269,30985,25783,2793,0,2409,29582,28864,718,291356
Maryland,2018-19,259256,143509,115747,42703,29367,25512,2565,0,1290,30116,29500,616,288623
Maryland,2019-20,253636,140337,113299,41153,29858,25674,2684,0,1500,30266,29726,540,283494
Maryland,2020-21,247147,138970,108177,40352,28662,24736,2344,0,1582,31893,31477,416,275809
Massachusetts,2012-13,201040,95746,105294,27138,180792,173059,4910,959,1864,107361,107101,260,381832
Massachusetts,2013-14,201424,97061,104363,26831,179446,172993,3985,1064,1404,106307,106073,234,380870
Massachusetts,2014-15,199096,97513,101583,27062,178979,173347,3334,1093,1205,105775,105605,170,378075
Massachusetts,2015-16,195262,98767,96495,26981,179465,174325,3032,1179,929,108688,108445,243,374727
Massachusetts,2016-17,191295,98813,92482,27170,176441,172807,1948,1122,564,110817,110585,232,367736
Massachusetts,2017-18,186069,98450,87619,27320,176672,173681,1680,1093,218,113447,113213,234,362741
Massachusetts,2018-19,180511,97191,83320,27256,176610,173512,1753,1212,133,115392,115208,184,357121
Massachusetts,2019-20,175438,96411,79027,27355,173634,171875,609,1050,100,116070,116070,0,349072
Massachusetts,2020-21,163802,92998,70804,27563,166487,164854,691,842,100,115879,115879,0,330289
Michigan,2012-13,473592,235479,238113,66650,101918,93559,6646,80,1633,21665,21159,506,575510
Michigan,2013-14,461824,239538,222286,65916,95946,88854,5544,0,1548,19906,19334,572,557770
Michigan,2014-15,449024,248824,200200,65688,85976,80187,4748,0,1041,18750,18180,570,535000
Michigan,2015-16,435931,257960,177971,66350,79883,75348,3607,0,928,18039,17631,408,515814
Michigan,2016-17,426809,269111,157698,65963,73242,70528,1593,0,1121,17021,16769,252,500051
Michigan,2017-18,413873,262888,150985,64862,62577,60203,1231,0,1143,16741,16561,180,476450
Michigan,2018-19,402635,258761,143874,64171,58143,56503,392,0,1248,16147,16128,19,460778
Michigan,2019-20,392201,252183,140018,62747,54979,52912,338,0,1729,15564,15564,0,447180
Michigan,2020-21,362355,237717,124638,61228,52474,49643,497,0,2334,14024,14024,0,414829
Minnesota,2012-13,247522,112388,135134,24768,88225,50565,35722,87,1851,91146,20794,70352,335747
Minnesota,2013-14,242062,111666,130396,24378,84263,50384,32491,60,1328,90788,20814,69974,326325
Minnesota,2014-15,235515,110160,125355,24180,82453,49566,31853,69,965,91706,21275,70431,317968
Minnesota,2015-16,232013,109001,123012,24174,78253,49030,28556,68,599,93317,21568,71749,310266
Minnesota,2016-17,228839,109041,119798,24399,75101,48933,25704,77,387,94453,21346,73107,303940
Minnesota,2017-18,225095,107829,117266,24290,72428,49102,22966,90,270,91153,21461,69692,297523
Minnesota,2018-19,220809,104391,116418,24355,72480,49757,22392,106,225,91139,21327,69812,293289
Minnesota,2019-20,217689,103234,114455,24063,71630,49682,21733,121,94,89347,20453,68894,289319
Minnesota,2020-21,209870,101484,108386,23952,72462,48757,23522,141,42,89421,20120,69301,282332
Mississippi,2012-13,141605,64045,77560,16390,13781,11275,453,0,2053,4889,4778,111,155386
Mississippi,2013-14,138512,63304,75208,16404,13564,11013,222,0,2329,5154,5033,121,152076
Mississippi,2014-15,137021,64037,72984,15075,13158,11019,208,0,1931,5474,5357,117,150179
Mississippi,2015-16,138411,65503,72908,14889,13093,11215,212,0,1666,5743,5645,98,151504
Mississippi,2016-17,138113,66918,71195,15092,13478,11908,242,0,1328,6029,5949,80,151591
Mississippi,2017-18,137716,66127,71589,14603,13687,11907,283,0,1497,5745,5669,76,151403
Mississippi,2018-19,136456,64431,72025,14127,12997,11862,442,0,693,5780,5714,66,149453
Mississippi,2019-20,134425,63293,71132,13935,12515,11612,561,0,342,6094,6030,64,146940
Mississippi,2020-21,127457,60273,67184,16219,11974,11056,524,0,394,7404,7364,40,139431
Missouri,2012-13,230947,121899,109048,26483,132361,103671,20518,1207,6965,51580,49347,2233,363308
Missouri,2013-14,227673,122308,105365,26977,131957,101568,23272,1212,5905,51615,49438,2177,359630
Missouri,2014-15,224164,124561,99603,28816,117476,99675,10681,1138,5982,49444,48958,486,341640
Missouri,2015-16,219402,125705,93697,29114,112550,97853,7140,893,6664,48930,48582,348,331952
Missouri,2016-17,216882,126166,90716,28042,107276,97018,4636,854,4768,48894,48582,312,324158
Missouri,2017-18,209971,123139,86832,25569,98431,90515,4621,173,3122,49518,49210,308,308402
Missouri,2018-19,206021,120353,85668,26019,92343,88415,2664,183,1081,50041,49820,221,298364
Missouri,2019-20,199643,117043,82600,26367,87998,84164,2450,184,1200,48900,48686,214,287641
Missouri,2020-21,185763,110452,75311,27055,82816,79031,2318,181,1286,46984,46740,244,268579
Montana,2012-13,43667,34425,9242,4666,4757,4350,0,407,0,164,164,0,48424
Montana,2013-14,43148,34442,8706,4703,4755,4305,0,450,0,171,171,0,47903
Montana,2014-15,42376,33744,8632,4648,4752,4257,0,495,0,166,166,0,47128
Montana,2015-16,41379,32917,8462,4555,4687,4245,0,442,0,177,177,0,46066
Montana,2016-17,41222,32846,8376,5038,4490,4030,0,425,35,166,166,0,45712
Montana,2017-18,40796,32910,7886,5206,4411,3999,0,375,37,229,229,0,45207
Montana,2018-19,39639,31691,7948,5286,4168,3820,0,305,43,270,270,0,43807
Montana,2019-20,39054,31386,7668,5362,3272,2851,0,366,55,378,378,0,42326
Montana,2020-21,36336,29730,6606,5474,3253,2786,0,417,50,398,398,0,39589
Nebraska,2012-13,90630,45250,45380,13536,25091,22378,1943,161,609,10321,10242,79,115721
Nebraska,2013-14,88133,45629,42504,13760,25299,22586,2045,166,502,10751,10648,103,113432
Nebraska,2014-15,85923,45935,39988,13898,24890,22551,1870,149,320,11114,11007,107,110813
Nebraska,2015-16,85884,46107,39777,14146,24425,22551,1568,151,155,11632,11527,105,110309
Nebraska,2016-17,86641,46688,39953,14391,23695,22328,1059,150,158,11375,11273,102,110336
Nebraska,2017-18,86537,46239,40298,14501,23581,22680,800,32,69,11245,11142,103,110118
Nebraska,2018-19,86113,45884,40229,14481,23200,23032,107,15,46,11144,11144,0,109313
Nebraska,2019-20,85229,45010,40219,14273,24890,24791,40,16,43,11117,11117,0,110119
Nebraska,2020-21,83300,45344,37956,14014,25790,25724,24,0,42,11922,11922,0,109090
Nevada,2012-13,95487,83884,11603,8132,11367,884,5718,0,4765,3314,2537,777,106854
Nevada,2013-14,94688,83484,11204,7850,10813,798,5132,0,4883,3387,2748,639,105501
Nevada,2014-15,98191,87085,11106,7837,9770,858,4155,0,4757,3407,2904,503,107961
Nevada,2015-16,96451,85366,11085,7967,8390,885,3261,417,3827,3289,2912,377,104841
Nevada,2016-17,98046,87173,10873,8150,6763,954,2334,287,3188,3071,2816,255,104809
Nevada,2017-18,99363,88643,10720,8501,6553,971,1728,272,3582,3157,3023,134,105916
Nevada,2018-19,99950,99950,0,8708,6049,1118,1763,97,3071,3091,3018,73,105999
Nevada,2019-20,101467,101467,0,9093,6223,1035,1217,0,3971,2988,2932,56,107690
Nevada,2020-21,97408,97408,0,9226,6970,869,1416,0,4685,3056,3034,22,104378
New Hampshire,2012-13,39172,24525,14647,4117,27598,23723,3591,284,0,11791,11674,117,66770
New Hampshire,2013-14,38591,23936,14655,4120,34115,30981,2916,218,0,15614,15482,132,72706
New Hampshire,2014-15,39105,24066,15039,4193,44840,42537,2159,144,0,18846,18762,84,83945
New Hampshire,2015-16,38728,23957,14771,4138,58305,56753,1429,123,0,22795,22732,63,97033
New Hampshire,2016-17,37200,23756,13444,3970,67121,66940,0,181,0,24845,24845,0,104321
New Hampshire,2017-18,35881,23428,12453,3880,83592,83469,0,123,0,25831,25831,0,119473
New Hampshire,2018-19,34762,22977,11785,3973,95337,95225,0,112,0,26671,26671,0,130099
New Hampshire,2019-20,33058,21870,11188,4163,105419,105312,0,107,0,26698,26698,0,138477
New Hampshire,2020-21,31099,20934,10165,4153,123415,123323,0,92,0,29878,29878,0,154514
New Jersey,2012-13,318677,145889,172788,37779,58224,49637,5684,0,2903,25285,24754,531,376901
New Jersey,2013-14,315183,147603,167580,37639,58890,48731,6164,0,3995,25227,24752,475,374073
New Jersey,2014-15,313248,150411,162837,38068,59368,48824,6427,0,4117,25524,25084,440,372616
New Jersey,2015-16,301480,145648,155832,38263,58619,48657,7021,0,2941,25417,24978,439,360099
New Jersey,2016-17,298857,148389,150468,38233,58595,48576,6980,0,3039,25692,25246,446,357452
New Jersey,2017-18,296598,149736,146862,37999,59015,48665,6497,0,3853,25425,25028,397,355613
New Jersey,2018-19,290369,150871,139498,38668,60770,50006,6530,159,4075,24609,24248,361,351139
New Jersey,2019-20,288336,150770,137566,38871,61281,50630,6013,200,4438,24687,24309,378,349617
New Jersey,2020-21,267678,148325,119353,40190,59887,49261,5875,218,4533,24588,24242,346,327565
New Mexico,2012-13,133345,52226,81119,13447,8428,684,6068,0,1676,1204,650,554,141773
New Mexico,2013-14,131149,51415,79734,13232,7749,657,5515,0,1577,1325,846,479,138898
New Mexico,2014-15,125373,49776,75597,12938,6747,706,4563,0,1478,1188,862,326,132120
New Mexico,2015-16,118486,47804,70682,12801,5841,770,3599,0,1472,1061,847,214,124327
New Mexico,2016-17,116054,46967,69087,12984,4638,856,2355,0,1427,931,802,129,120692
New Mexico,2017-18,112589,45559,67030,12691,3365,831,1193,0,1341,849,759,90,115954
New Mexico,2018-19,107982,43597,64385,12311,2196,736,473,0,987,808,762,46,110178
New Mexico,2019-20,106283,42265,64018,11833,2282,648,502,0,1132,1418,764,654,108565
New Mexico,2020-21,93558,39733,53825,12707,2367,638,608,0,1121,1463,785,678,95925
New York,2012-13,652778,323712,329066,69496,418273,364666,29081,4175,20351,169439,166835,2604,1071051
New York,2013-14,652024,324421,327603,68910,413747,362167,28771,3961,18848,169549,166753,2796,1065771
New York,2014-15,653867,329864,324003,67980,409758,361372,28359,2797,17230,167450,164531,2919,1063625
New York,2015-16,641936,329523,312413,67207,406136,361252,27111,2509,15264,170141,167036,3105,1048072
New York,2016-17,633226,329353,303873,67666,400116,358908,25621,2594,12993,172643,169436,3207,1033342
New York,2017-18,629549,333062,296487,67909,388219,350177,24581,2691,10770,174563,171319,3244,1017768
New York,2018-19,620840,334678,286162,69257,383982,346439,24678,2705,10160,176208,173206,3002,1004822
New York,2019-20,608044,331923,276121,70348,379442,340607,29684,3306,5845,177978,175047,2931,987486
New York,2020-21,574782,326376,248406,71932,363273,326186,27234,3214,6639,172425,169865,2560,938055
North Carolina,2012-13,420434,175760,244674,45250,87836,72615,11013,706,3502,24511,20734,3777,508270
North Carolina,2013-14,415307,175328,239979,44793,88225,72369,11310,678,3868,26873,23289,3584,503532
North Carolina,2014-15,410954,177744,233210,44224,87683,71893,11964,701,3125,27184,23910,3274,498637
North Carolina,2015-16,403516,180376,223140,44539,86834,72260,10991,705,2878,27553,24719,2834,490350
North Carolina,2016-17,404100,182462,221638,46062,84840,71823,8870,687,3460,26494,24811,1683,488940
North Carolina,2017-18,407640,185880,221760,46992,82193,70983,7469,624,3117,27006,25556,1450,489833
North Carolina,2018-19,409025,190357,218668,47103,79715,69937,7059,594,2125,27867,26591,1276,488740
North Carolina,2019-20,414621,192108,222513,48349,77999,67933,8237,556,1273,27594,26470,1124,492620
North Carolina,2020-21,404223,192684,211539,50276,75709,66776,7664,490,779,27465,26578,887,479932
North Dakota,2012-13,42738,35870,6868,6191,5385,4385,1000,0,0,855,855,0,48123
North Dakota,2013-14,42188,35166,7022,6563,5404,4440,964,0,0,908,908,0,47592
North Dakota,2014-15,41831,34989,6842,6461,4893,4100,793,0,0,863,863,0,46724
North Dakota,2015-16,41888,34929,6959,6309,4686,4083,603,0,0,957,957,0,46574
North Dakota,2016-17,41686,34708,6978,6278,4983,4434,549,0,0,1256,1256,0,46669
North Dakota,2017-18,41313,34107,7206,6261,4751,4224,527,0,0,1424,1424,0,46064
North Dakota,2018-19,40348,33021,7327,6183,5225,4612,613,0,0,1530,1528,2,45573
North Dakota,2019-20,39318,32061,7257,6272,5213,4569,644,0,0,1551,1542,9,44531
North Dakota,2020-21,37971,31170,6801,6620,5129,4510,619,0,0,1588,1579,9,43100
Northern Marianas,2012-13,1178,1178,0,0,0,0,0,0,0,0,0,0,1178
Northern Marianas,2013-14,1109,1109,0,0,0,0,0,0,0,0,0,0,1109
Northern Marianas,2014-15,1186,1186,0,0,0,0,0,0,0,0,0,0,1186
Northern Marianas,2015-16,1155,1155,0,0,0,0,0,0,0,0,0,0,1155
Northern Marianas,2016-17,1038,1038,0,0,0,0,0,0,0,0,0,0,1038
Northern Marianas,2017-18,1216,1216,0,0,0,0,0,0,0,0,0,0,1216
Northern Marianas,2018-19,1194,1194,0,0,0,0,0,0,0,0,0,0,1194
Northern Marianas,2019-20,1253,1253,0,0,0,0,0,0,0,0,0,0,1253
Northern Marianas,2020-21,1255,1255,0,0,0,0,0,0,0,0,0,0,1255
Ohio,2012-13,464084,274612,189472,60254,154803,114940,21604,2020,16239,30677,29311,1366,618887
Ohio,2013-14,459095,274036,185059,60944,147530,113021,19087,1086,14336,30078,29014,1064,606625
Ohio,2014-15,448069,271845,176224,62175,141357,112060,16197,1047,12053,28637,27939,698,589426
Ohio,2015-16,443022,272251,170771,61793,134332,109198,12069,1318,11747,28613,28026,587,577354
Ohio,2016-17,439769,269254,170515,61705,127945,108668,6803,1269,11205,28810,28409,401,567714
Ohio,2017-18,437512,266581,170931,59961,123331,106789,5814,1419,9309,28883,28599,284,560843
Ohio,2018-19,435996,274388,161608,59616,120552,105503,4742,1164,9143,28798,28636,162,556548
Ohio,2019-20,453332,308545,144787,58526,116435,101063,4871,1052,9449,28152,28077,75,569767
Ohio,2020-21,454560,316750,137810,58094,115021,98163,3807,931,12120,26880,26825,55,569581
Oklahoma,2012-13,173639,104886,68753,21472,28425,19228,4723,0,4474,4928,4760,168,202064
Oklahoma,2013-14,165890,103408,62482,21188,28833,20259,4504,0,4070,4986,4858,128,194723
Oklahoma,2014-15,161766,101661,60105,20683,27921,19857,3823,0,4241,4979,4880,99,189687
Oklahoma,2015-16,158646,100266,58380,20362,26686,19689,2990,1155,2852,5210,5152,58,185332
Oklahoma,2016-17,157278,99101,58177,20363,25477,19832,2379,1194,2072,5227,5201,26,182755
Oklahoma,2017-18,154146,97921,56225,19994,22993,18425,1459,581,2528,4918,4913,5,177139
Oklahoma,2018-19,150793,96081,54712,20186,20371,17378,1088,578,1327,4593,4593,0,171164
Oklahoma,2019-20,147322,93378,53944,20627,20015,16888,673,671,1783,4692,4692,0,167337
Oklahoma,2020-21,143156,90993,52163,21653,19608,16576,708,951,1373,4797,4797,0,162764
Oregon,2012-13,194691,85844,108847,17619,30503,21722,5218,0,3563,11882,11648,234,225194
Oregon,2013-14,190555,87378,103177,17762,28899,21628,4319,0,2952,13890,13680,210,219454
Oregon,2014-15,183412,86202,97210,18233,28117,21728,4102,0,2287,15785,15528,257,211529
Oregon,2015-16,180035,86892,93143,17913,26857,21826,3523,111,1397,15841,15596,245,206892
Oregon,2016-17,179220,86594,92626,17978,24764,21411,2370,0,983,14273,14023,250,203984
Oregon,2017-18,174205,86475,87730,18129,23993,21226,1963,34,770,13609,13363,246,198198
Oregon,2018-19,173373,84805,88568,18570,22901,20723,1366,45,767,13296,13041,255,196274
Oregon,2019-20,171341,84727,86614,18560,22242,20264,1212,33,733,13573,13330,243,193583
Oregon,2020-21,156250,81500,74750,18483,18976,17444,1066,0,466,10050,9796,254,175226
Other jurisdictions,2012-13,71872,62004,9868,6497,159491,116551,11058,804,31078,22083,21305,778,231363
Other jurisdictions,2013-14,71584,61979,9605,6552,154568,113585,13086,0,27897,21839,21002,837,226152
Other jurisdictions,2014-15,71140,62039,9101,6576,156136,109819,15379,724,30214,21991,21106,885,227276
Other jurisdictions,2015-16,73295,64328,8967,6832,145819,105802,15833,889,23295,22127,20503,1624,219114
Other jurisdictions,2016-17,74577,65907,8670,6932,137647,100398,16920,804,19525,22807,20851,1956,212224
Other jurisdictions,2017-18,33851,25956,7895,3568,132384,97598,16606,358,17822,22603,20330,2273,166235
Other jurisdictions,2018-19,65719,59271,6448,6680,118240,89148,15722,127,13243,21926,19659,2267,183959
Other jurisdictions,2019-20,62364,56466,5898,6477,108888,87511,16144,115,5118,22604,20015,2589,171252
Other jurisdictions,2020-21,59592,57641,1951,6327,109839,77234,28404,57,4144,23112,20241,2871,169431
Palau,2012-13,680,0,680,0,0,0,0,0,0,0,0,0,680
Palau,2013-14,646,0,646,0,0,0,0,0,0,0,0,0,646
Palau,2014-15,604,0,604,0,0,0,0,0,0,0,0,0,604
Palau,2015-16,627,0,627,0,0,0,0,0,0,0,0,0,627
Palau,2016-17,587,0,587,0,0,0,0,0,0,0,0,0,587
Palau,2017-18,532,0,532,0,0,0,0,0,0,0,0,0,532
Palau,2018-19,497,0,497,0,0,0,0,0,0,0,0,0,497
Palau,2019-20,444,0,444,0,0,0,0,0,0,0,0,0,444
Palau,2020-21,553,0,553,0,0,0,0,0,0,0,0,0,553
Pennsylvania,2012-13,378805,234456,144349,47085,261543,199686,22031,8511,31315,89809,88494,1315,640348
Pennsylvania,2013-14,373376,234073,139303,46473,256944,198395,20682,8688,29179,88789,87689,1100,630320
Pennsylvania,2014-15,366915,232934,133981,46676,248075,196194,17823,8045,26013,88985,88066,919,614990
Pennsylvania,2015-16,361361,231242,130119,47693,237643,194394,14001,8504,20744,89973,89264,709,599004
Pennsylvania,2016-17,357105,230479,126626,49240,227384,192694,10729,7822,16139,92041,91475,566,584489
Pennsylvania,2017-18,351077,227702,123375,49866,222467,195351,8063,6053,13000,93879,93398,481,573544
Pennsylvania,2018-19,342616,221101,121515,50155,213074,195317,3627,4692,9438,94484,94028,456,555690
Pennsylvania,2019-20,339033,220552,118481,50265,209677,192176,3560,5055,8886,94365,94030,335,548710
Pennsylvania,2020-21,320483,214637,105846,49996,202018,185296,3276,4187,9259,95018,94766,252,522501
Puerto Rico,2012-13,56556,53380,3176,6023,159416,116476,11058,804,31078,22081,21303,778,215972
Puerto Rico,2013-14,56617,53707,2910,6070,154493,113510,13086,0,27897,21835,20998,837,211110
Puerto Rico,2014-15,56415,53807,2608,6108,156067,109750,15379,724,30214,21988,21103,885,212482
Puerto Rico,2015-16,58850,56054,2796,6354,145754,105737,15833,889,23295,22122,20498,1624,204604
Puerto Rico,2016-17,60785,57942,2843,6361,137583,100334,16920,804,19525,22804,20848,1956,198368
Puerto Rico,2017-18,20420,18166,2254,2960,132331,97545,16606,358,17822,22601,20328,2273,152751
Puerto Rico,2018-19,52701,50763,1938,6110,118181,89089,15722,127,13243,21923,19656,2267,170882
Puerto Rico,2019-20,49879,48128,1751,5895,108834,87457,16144,115,5118,22602,20013,2589,158713
Puerto Rico,2020-21,47259,45861,1398,5745,109566,76961,28404,57,4144,23112,20241,2871,156825
Rhode Island,2012-13,38813,20929,17884,4391,34525,34525,0,0,0,6223,6223,0,73338
Rhode Island,2013-14,38558,20859,17699,4228,34698,34698,0,0,0,5976,5976,0,73256
Rhode Island,2014-15,38660,21107,17553,4105,34792,34792,0,0,0,5942,5942,0,73452
Rhode Island,2015-16,37282,21087,16195,4038,34690,34690,0,0,0,6282,6282,0,71972
Rhode Island,2016-17,37311,22210,15101,4058,35185,35185,0,0,0,6794,6794,0,72496
Rhode Island,2017-18,36942,22184,14758,4076,34459,34459,0,0,0,7289,7289,0,71401
Rhode Island,2018-19,36001,21462,14539,4081,33393,33393,0,0,0,7393,7393,0,69394
Rhode Island,2019-20,35755,20980,14775,4008,32896,32896,0,0,0,7418,7418,0,68651
Rhode Island,2020-21,34586,20902,13684,3819,31042,31042,0,0,0,7640,7640,0,65628
South Carolina,2012-13,189392,87432,101960,19631,44443,30043,9396,950,4054,6151,3608,2543,233835
South Carolina,2013-14,188088,88104,99984,19629,44001,29600,9123,818,4460,6126,3777,2349,232089
South Carolina,2014-15,185617,89520,96097,20139,42977,29975,9124,793,3085,5896,3784,2112,228594
South Carolina,2015-16,181885,91269,90616,20602,41785,30260,8297,771,2457,5382,3575,1807,223670
South Carolina,2016-17,179618,92223,87395,20677,40600,30213,6215,991,3181,5668,3902,1766,220218
South Carolina,2017-18,179741,93688,86053,20881,40208,29471,6201,790,3746,5558,3876,1682,219949
South Carolina,2018-19,175543,94704,80839,20982,38244,31696,2929,869,2750,5764,4385,1379,213787
South Carolina,2019-20,176284,106508,69776,21525,37337,32219,3195,0,1923,6426,5133,1293,213621
South Carolina,2020-21,170573,104902,65671,22399,35033,30462,2977,0,1594,7004,5885,1119,205606
South Dakota,2012-13,38626,32279,6347,5559,10633,6217,4122,294,0,1240,762,478,49259
South Dakota,2013-14,38604,32151,6453,5668,9586,6043,3290,253,0,1271,857,414,48190
South Dakota,2014-15,38323,32087,6236,5809,8911,6006,2681,224,0,920,909,11,47234
South Dakota,2015-16,38450,32328,6122,5804,8451,6093,2188,170,0,959,958,1,46901
South Dakota,2016-17,38410,31874,6536,5895,8318,6163,2155,0,0,1062,1062,0,46728
South Dakota,2017-18,38974,32241,6733,5656,7835,5905,1930,0,0,1155,1155,0,46809
South Dakota,2018-19,38327,31490,6837,5544,7914,6069,1845,0,0,1580,1336,244,46241
South Dakota,2019-20,38121,31018,7103,5347,7025,5380,1645,0,0,1448,1340,108,45146
South Dakota,2020-21,37101,29943,7158,5310,6697,5471,1226,0,0,1741,1409,332,43798
Tennessee,2012-13,209423,117121,92302,25587,85866,60506,13788,1509,10063,22765,20801,1964,295289
Tennessee,2013-14,204850,115127,89723,24452,85680,62058,12641,639,10342,23215,21212,2003,290530
Tennessee,2014-15,200410,114174,86236,23623,79552,61610,9000,758,8184,22990,21044,1946,279962
Tennessee,2015-16,199752,113071,86681,23659,76996,60862,7694,736,7704,23092,21387,1705,276748
Tennessee,2016-17,197712,112781,84931,23576,76953,61818,6052,682,8401,23510,21925,1585,274665
Tennessee,2017-18,199236,112867,86369,23943,76104,61400,6201,682,7821,23874,22377,1497,275340
Tennessee,2018-19,200939,112838,88101,24342,72783,60524,6200,709,5350,24051,22741,1310,273722
Tennessee,2019-20,201279,113442,87837,25067,72017,58232,7791,779,5215,24723,23369,1354,273296
Tennessee,2020-21,191187,112349,78838,26298,73196,57561,9482,890,5263,25589,24127,1462,264383
Texas,2012-13,1210112,509101,701011,137748,152740,95856,27404,3635,25845,39698,36634,3064,1362852
Texas,2013-14,1211302,515701,695601,138307,152794,97516,26298,2345,26635,38975,36192,2783,1364096
Texas,2014-15,1220003,529711,690292,145336,149944,97103,26212,2587,24042,40179,36980,3199,1369947
Texas,2015-16,1231190,548513,682677,148086,150844,99171,25259,3005,23409,40494,37884,2610,1382034
Texas,2016-17,1269436,574688,694748,151538,140457,100699,16623,1941,21194,41828,39618,2210,1409893
Texas,2017-18,1297523,586680,710843,150862,139863,100485,16237,1921,21220,42268,40330,1938,1437386
Texas,2018-19,1317560,634490,683070,151027,133000,99810,15879,1610,15701,41955,40333,1622,1450560
Texas,2019-20,1329575,691479,638096,150574,135223,98701,16689,1711,18122,42319,41215,1104,1464798
Texas,2020-21,1262192,876338,385854,156359,138413,97234,18919,2249,20011,44435,43296,1139,1400605
U.S. Service Academies,2012-13,15202,15202,0,25,0,0,0,0,0,0,0,0,15202
U.S. Service Academies,2013-14,14970,14970,0,27,0,0,0,0,0,0,0,0,14970
U.S. Service Academies,2014-15,14712,14712,0,22,0,0,0,0,0,0,0,0,14712
U.S. Service Academies,2015-16,14786,14786,0,26,0,0,0,0,0,0,0,0,14786
U.S. Service Academies,2016-17,15044,15044,0,23,0,0,0,0,0,0,0,0,15044
U.S. Service Academies,2017-18,15260,15260,0,21,0,0,0,0,0,0,0,0,15260
U.S. Service Academies,2018-19,15504,15504,0,19,0,0,0,0,0,0,0,0,15504
U.S. Service Academies,2019-20,15375,15375,0,18,0,0,0,0,0,0,0,0,15375
U.S. Service Academies,2020-21,15521,15521,0,17,0,0,0,0,0,0,0,0,15521
U.S. Virgin Islands,2012-13,2240,2240,0,183,0,0,0,0,0,0,0,0,2240
U.S. Virgin Islands,2013-14,2143,2143,0,178,0,0,0,0,0,0,0,0,2143
U.S. Virgin Islands,2014-15,2110,2110,0,170,0,0,0,0,0,0,0,0,2110
U.S. Virgin Islands,2015-16,2138,2138,0,183,0,0,0,0,0,0,0,0,2138
U.S. Virgin Islands,2016-17,2112,2112,0,258,0,0,0,0,0,0,0,0,2112
U.S. Virgin Islands,2017-18,1898,1898,0,272,0,0,0,0,0,0,0,0,1898
U.S. Virgin Islands,2018-19,1737,1737,0,247,0,0,0,0,0,0,0,0,1737
U.S. Virgin Islands,2019-20,1850,1850,0,234,0,0,0,0,0,0,0,0,1850
U.S. Virgin Islands,2020-21,1587,1587,0,251,0,0,0,0,0,0,0,0,1587
United States,2012-13,13473743,6686083,6787660,1406600,4258688,2707469,1174906,37606,338707,1503788,1208503,295285,17732431
United States,2013-14,13347002,6721861,6625141,1398556,4127833,2725249,1058986,32198,311400,1502398,1216557,285841,17474835
United States,2014-15,13244837,6847072,6397765,1410178,4047950,2740976,990254,30365,286355,1504404,1224748,279656,17292787
United States,2015-16,13145720,6930054,6215666,1422383,3891058,2769125,846671,50049,225213,1518109,1244198,273911,17036778
United States,2016-17,13141086,7300010,5841076,1441886,3728126,2762212,716745,50557,198612,1529916,1265028,264888,16869212
United States,2017-18,13100953,7394275,5706678,1459202,3659378,2768627,655471,48390,186890,1546065,1289460,256605,16760331
United States,2018-19,13049326,7502622,5546704,1479938,3560909,2776499,585906,45154,153350,1555745,1312591,243154,16610235
United States,2019-20,13001543,7603444,5398099,1499514,3563523,2760234,602344,44644,156301,1572919,1340385,232534,16565066
United States,2020-21,12321146,7618489,4702657,1546093,3530760,2710697,608937,32252,178874,1593799,1358070,235729,15851906
Utah,2012-13,158627,128630,29997,12374,80398,64939,11373,2191,1895,15910,14140,1770,239025
Utah,2013-14,155720,123717,32003,12591,78963,70280,5499,2036,1148,16981,15641,1340,234683
Utah,2014-15,155207,124959,30248,12509,88314,80850,4584,2006,874,18896,17692,1204,243521
Utah,2015-16,158396,129046,29350,12829,101144,94787,3836,2153,368,21158,20069,1089,259540
Utah,2016-17,162096,132195,29901,13212,110508,104750,3247,2119,392,25718,24658,1060,272604
Utah,2017-18,166638,137018,29620,13396,120830,115262,3033,2045,490,31470,30303,1167,287468
Utah,2018-19,170354,141198,29156,13595,138414,133169,2769,1996,480,37409,36479,930,308768
Utah,2019-20,175517,146000,29517,13834,149537,143341,3693,1994,509,42395,41352,1043,325054
Utah,2020-21,174616,147323,27293,14406,158629,151657,4604,1829,539,47921,46566,1355,333245
Vermont,2012-13,24179,17868,6311,2322,13619,13102,517,0,0,4583,4583,0,37798
Vermont,2013-14,23624,17424,6200,2228,13487,13025,462,0,0,4195,4195,0,37111
Vermont,2014-15,23340,17321,6019,2303,14035,13613,422,0,0,4305,4305,0,37375
Vermont,2015-16,22999,17016,5983,2384,14297,13918,379,0,0,4183,4183,0,37296
Vermont,2016-17,23158,17295,5863,2578,14626,14326,300,0,0,4357,4357,0,37784
Vermont,2017-18,22758,17254,5504,2542,14475,14331,144,0,0,4080,4080,0,37233
Vermont,2018-19,22521,17143,5378,2676,13948,13875,73,0,0,3769,3769,0,36469
Vermont,2019-20,22295,17191,5104,2836,12931,12873,58,0,0,3124,3124,0,35226
Vermont,2020-21,21204,16102,5102,2920,12436,12414,22,0,0,3086,3086,0,33640
Virginia,2012-13,360859,166432,194427,48894,131693,86643,35835,326,8889,47250,41340,5910,492552
Virginia,2013-14,358480,167935,190545,47435,129378,87264,33648,449,8017,48462,43081,5381,487858
Virginia,2014-15,353725,168757,184968,45634,128043,88815,31203,421,7604,50506,45363,5143,481768
Virginia,2015-16,349238,170096,179142,44972,125294,89041,29548,923,5782,50255,45074,5181,474532
Virginia,2016-17,343785,170510,173275,45661,118567,87164,26372,747,4284,49448,44949,4499,462352
Virginia,2017-18,342738,173369,169369,46511,114970,86207,24541,578,3644,49993,46203,3790,457708
Virginia,2018-19,338130,174068,164062,46749,113428,86041,23787,393,3207,53734,50681,3053,451558
Virginia,2019-20,335242,174794,160448,49151,113796,85751,24065,372,3608,58874,56001,2873,449038
Virginia,2020-21,327196,174214,152982,49934,113106,85589,24012,41,3464,65519,63055,2464,440302
Washington,2012-13,288656,149345,139311,22841,40961,30851,5760,33,4317,13056,12278,778,329617
Washington,2013-14,287233,156936,130297,22959,40422,31058,5142,52,4170,12763,12112,651,327655
Washington,2014-15,289241,187101,102140,23282,39716,30653,4824,61,4178,12954,12455,499,328957
Washington,2015-16,290496,206044,84452,24010,38397,30570,3728,1760,2339,12509,12267,242,328893
Washington,2016-17,290938,229566,61372,24418,38506,29988,5087,1513,1918,12300,12106,194,329444
Washington,2017-18,293623,257603,36020,24713,37630,29669,4870,1388,1703,11978,11804,174,331253
Washington,2018-19,293919,261380,32539,25458,35880,29694,3943,941,1302,11799,11632,167,329799
Washington,2019-20,289892,259983,29909,25760,35831,29403,3755,993,1680,11536,11385,151,325723
Washington,2020-21,261554,238666,22888,26953,33661,27686,3355,948,1672,11891,11778,113,295215
West Virginia,2012-13,80594,59433,21161,12423,55561,6683,46581,0,2297,13601,997,12604,136155
West Virginia,2013-14,78675,58196,20479,12107,54239,7240,44582,0,2417,12933,1265,11668,132914
West Virginia,2014-15,75553,56432,19121,12289,57252,7432,47555,0,2265,11958,1247,10711,132805
West Virginia,2015-16,74091,55662,18429,12251,53521,7449,43586,0,2486,10880,1216,9664,127612
West Virginia,2016-17,72861,55212,17649,12243,50668,7419,40464,0,2785,10586,1390,9196,123529
West Virginia,2017-18,72112,55405,16707,11783,48864,7150,38944,0,2770,10204,1433,8771,120976
West Virginia,2018-19,70170,53686,16484,11435,48512,6983,39214,0,2315,9986,1385,8601,118682
West Virginia,2019-20,70462,53754,16708,11333,47811,6305,38906,0,2600,9553,1434,8119,118273
West Virginia,2020-21,63745,50934,12811,11314,51295,6300,42106,0,2889,11388,1486,9902,115040
Wisconsin,2012-13,269565,158586,110979,23851,60208,47457,11974,0,777,16108,15580,528,329773
Wisconsin,2013-14,265616,156895,108721,23723,58505,46739,10990,0,776,16177,15688,489,324121
Wisconsin,2014-15,262773,159000,103773,23953,55818,45643,9630,0,545,16350,15883,467,318591
Wisconsin,2015-16,258250,156861,101389,24000,52093,44099,7868,0,126,15905,15479,426,310343
Wisconsin,2016-17,254431,166647,87784,24011,47922,42194,5561,0,167,15495,14974,521,302353
Wisconsin,2017-18,255152,165137,90015,24381,45974,43291,2305,0,378,15263,15161,102,301126
Wisconsin,2018-19,252742,162191,90551,24436,44784,42627,1990,0,167,14447,14408,39,297526
Wisconsin,2019-20,249677,156961,92716,24840,44138,41845,2104,0,189,14201,14148,53,293815
Wisconsin,2020-21,236513,152495,84018,25271,42755,40436,2088,0,231,14319,14249,70,279268
Wyoming,2012-13,33150,10194,22956,2709,1953,0,145,0,1808,0,0,0,35103
Wyoming,2013-14,32886,10117,22769,2661,1537,75,0,0,1462,0,0,0,34423
Wyoming,2014-15,31620,10124,21496,2696,1145,60,0,0,1085,0,0,0,32765
Wyoming,2015-16,31090,10045,21045,2603,512,50,0,462,0,0,0,0,31602
Wyoming,2016-17,30224,9788,20436,2578,563,45,0,518,0,0,0,0,30787
Wyoming,2017-18,29945,9791,20154,2606,464,0,0,464,0,0,0,0,30409
Wyoming,2018-19,30020,9998,20022,2452,38,0,0,0,38,0,0,0,30058
Wyoming,2019-20,29678,9807,19871,2442,253,0,0,0,253,0,0,0,29931
Wyoming,2020-21,27871,14935,12936,2487,585,0,0,0,585,0,0,0,28456
United States,2021-22,11944633,7466861,4477772,1598891,3503787,2698780,600183,27574,177250,1612540,1386750,225790,15448420
Alabama,2021-22,207241,131801,75440,42939,32151,18116,13201,295,539,10429,5478,4951,239392
Alaska,2021-22,18128,18128,0,1808,815,420,0,78,317,178,178,0,18943
Arizona,2021-22,322815,170336,152479,43693,179110,5802,159804,0,13504,68528,6154,62374,501925
Arkansas,2021-22,112180,72905,39275,18970,13785,12438,355,977,15,2821,2774,47,125965
California,2021-22,1884611,860966,1023645,129707,276584,161427,83523,753,30881,191437,159530,31907,2161195
Colorado,2021-22,225965,206797,19168,41897,59335,18954,24320,0,16061,19171,14159,5012,285300
Connecticut,2021-22,85075,48228,36847,13098,61576,48367,13209,0,0,24836,23777,1059,146651
Delaware,2021-22,36211,36211,0,5387,9378,9003,267,108,0,5275,5242,33,45589
District of Columbia,2021-22,2947,2947,0,529,50487,41909,7957,0,621,45472,42173,3299,53434
Florida,2021-22,660494,641296,19198,79945,209694,133750,48167,7955,19822,58053,54029,4024,870188
Georgia,2021-22,372580,263902,108678,67542,78328,57723,13587,2282,4736,25904,22271,3633,450908
Hawaii,2021-22,44315,22615,21700,5458,9028,8619,55,0,354,1275,1209,66,53343
Idaho,2021-22,69627,52489,17138,8380,47577,46835,253,0,489,750,747,3,117204
Illinois,2021-22,354955,128299,226656,56458,161166,120874,36618,332,3342,103090,85254,17836,516121
Indiana,2021-22,288690,202590,86100,55311,66862,64124,368,0,2370,18836,18755,81,355552
Iowa,2021-22,136942,55383,81559,14451,38006,35767,2191,0,48,13875,13443,432,174948
Kansas,2021-22,141711,71294,70417,23201,23740,17428,5177,0,1135,5013,4050,963,165451
Kentucky,2021-22,162809,92859,69950,27059,37514,29261,7040,0,1213,29872,29108,764,200323
Louisiana,2021-22,177824,119748,58076,29167,24283,20174,314,537,3258,8368,8368,0,202107
Maine,2021-22,40990,25986,15004,4962,18240,17674,513,53,0,4612,4606,6,59230
Maryland,2021-22,232727,135264,97463,39607,27570,24435,1423,0,1712,35182,34915,267,260297
Massachusetts,2021-22,156439,88670,67769,28729,170879,169588,346,843,102,122432,122432,0,327318
Michigan,2021-22,358178,230263,127915,60963,49600,46963,549,0,2088,12832,12832,0,407778
Minnesota,2021-22,199376,97252,102124,24406,70991,47495,23373,123,0,85580,19619,65961,270367
Mississippi,2021-22,122765,58598,64167,17259,11502,10734,406,0,362,7045,7009,36,134267
Missouri,2021-22,182081,108039,74042,28947,80326,76960,2088,189,1089,45236,44990,246,262407
Montana,2021-22,37917,30611,7306,5665,2984,2637,0,297,50,487,487,0,40901
Nebraska,2021-22,83483,44441,39042,14240,24991,24963,0,0,28,10787,10787,0,108474
Nevada,2021-22,95810,95810,0,9445,6961,893,2228,0,3840,3031,3026,5,102771
New Hampshire,2021-22,29900,20094,9806,4144,133491,133382,0,109,0,30925,30925,0,163391
New Jersey,2021-22,256845,142041,114804,40637,57813,48435,5272,225,3881,25587,25340,247,314658
New Mexico,2021-22,89964,38719,51245,12947,2610,782,556,0,1272,1577,923,654,92574
New York,2021-22,532561,307200,225361,71772,363059,323136,30213,3064,6646,180074,177568,2506,895620
North Carolina,2021-22,403027,191983,211044,52990,71224,64669,5395,501,659,28583,27948,635,474251
North Dakota,2021-22,37211,30469,6742,6865,5279,4704,575,0,0,1613,1591,22,42490
Ohio,2021-22,443026,305407,137619,60110,115712,99439,3684,515,12074,27463,27426,37,558738
Oklahoma,2021-22,136866,87492,49374,22646,19215,16438,684,658,1435,5041,5041,0,156081
Oregon,2021-22,148478,81073,67405,18410,19142,17475,1203,0,464,10036,9715,321,167620
Pennsylvania,2021-22,304519,207304,97215,49775,196522,181702,2606,3228,8986,97630,97356,274,501041
Rhode Island,2021-22,31958,19996,11962,3846,31146,31146,0,0,0,7686,7686,0,63104
South Carolina,2021-22,170481,104308,66173,23247,34182,30620,2179,0,1383,7176,6187,989,204663
South Dakota,2021-22,37179,29983,7196,5692,6479,5472,1007,0,0,1915,1653,262,43658
Tennessee,2021-22,183275,110162,73113,26962,71293,56507,8296,816,5674,26266,24695,1571,254568
Texas,2021-22,1222041,879875,342166,162800,136497,97994,18159,2556,17788,44796,43789,1007,1358538
Utah,2021-22,177023,149798,27225,15111,150695,143677,6528,0,490,47188,45708,1480,327718
Vermont,2021-22,21855,16314,5541,3079,12452,12452,0,0,0,3029,3029,0,34307
Virginia,2021-22,318019,171133,146886,51225,108833,85146,20577,140,2970,68137,65104,3033,426852
Washington,2021-22,248434,228588,19846,27754,33631,27627,3542,940,1522,11611,11514,97,282065
West Virginia,2021-22,60591,48139,12452,11250,49731,5973,40642,0,3116,10708,1154,9554,110322
Wisconsin,2021-22,234041,149295,84746,25779,40576,38671,1733,0,172,15092,14996,96,274617
Wyoming,2021-22,27095,18402,8693,2610,742,0,0,0,742,0,0,0,27837
U.S. Service Academies,2021-22,15358,15358,0,17,0,0,0,0,0,0,0,0,15358
Other jurisdictions,2021-22,55498,54031,1467,6336,98747,67410,27089,0,4248,20536,17419,3117,154245
American Samoa,2021-22,1301,1301,0,0,0,0,0,0,0,0,0,0,1301
"Federated States of 
   Micronesia",2021-22,1946,1946,0,0,0,0,0,0,0,0,0,0,1946
Guam,2021-22,4436,4436,0,338,82,82,0,0,0,0,0,0,4518
Marshall Islands,2021-22,1267,1267,0,0,0,0,0,0,0,0,0,0,1267
Northern Marianas,2021-22,1298,1298,0,0,0,0,0,0,0,0,0,0,1298
Palau,2021-22,525,0,525,0,0,0,0,0,0,0,0,0,525
Puerto Rico,2021-22,43351,42409,942,5748,98665,67328,27089,0,4248,20536,17419,3117,142016
U.S. Virgin Islands,2021-22,1374,1374,0,250,0,0,0,0,0,0,0,0,1374
